[
  {
    "id": "21b8104d-b6ef-4d2d-9720-5f3c9b1f4c3e",
    "data": [
      {
        "text": "what are the best sellers of ",
        "userDefined": false
      },
      {
        "text": "the year",
        "alias": "date-period",
        "meta": "@sys.date-period",
        "userDefined": false
      },
      {
        "text": "?",
        "userDefined": false
      }
    ],
    "isTemplate": false,
    "count": 0,
    "updated": 1548234120
  },
  {
    "id": "bc28dd6a-3d94-4c3f-8f4f-f20116f021b1",
    "data": [
      {
        "text": "what is best seller?",
        "userDefined": false
      }
    ],
    "isTemplate": false,
    "count": 0,
    "updated": 1548234120
  },
  {
    "id": "3d221071-f8b5-4cec-b16a-887d1c89e3ef",
    "data": [
      {
        "text": "what are the most popular items in your store?",
        "userDefined": false
      }
    ],
    "isTemplate": false,
    "count": 0,
    "updated": 1548234120
  }
]