[
  {
    "id": "037ab355-1faa-4281-88ac-b6b89f5041e3",
    "data": [
      {
        "text": "check cart",
        "userDefined": false
      }
    ],
    "isTemplate": false,
    "count": 0,
    "updated": 1508947090
  },
  {
    "id": "00a726d2-fa21-4bd4-8871-c963b343b6a5",
    "data": [
      {
        "text": "check what\u0027s in my cart",
        "userDefined": false
      }
    ],
    "isTemplate": false,
    "count": 0,
    "updated": 1508947090
  },
  {
    "id": "55374acc-75b4-4fd5-ada5-bd1f21e639fb",
    "data": [
      {
        "text": "cart",
        "userDefined": false
      }
    ],
    "isTemplate": false,
    "count": 0,
    "updated": 1508947090
  },
  {
    "id": "9aba5c04-6e37-4cb6-8ef4-c87b8a3b39ab",
    "data": [
      {
        "text": "check my cart",
        "userDefined": false
      }
    ],
    "isTemplate": false,
    "count": 0,
    "updated": 1508947090
  },
  {
    "id": "b0d5170f-5939-4111-bf6a-879c7cf499dc",
    "data": [
      {
        "text": "what\u0027s in my cart",
        "userDefined": false
      }
    ],
    "isTemplate": false,
    "count": 0,
    "updated": 1508947090
  },
  {
    "id": "d9a2fbe0-8a21-41fe-af23-b596ea524396",
    "data": [
      {
        "text": "what items are in my cart at the moment",
        "userDefined": false
      }
    ],
    "isTemplate": false,
    "count": 0,
    "updated": 1508947090
  }
]