[
  {
    "id": "6cf96ea1-5b35-4abf-be44-8610f305208a",
    "data": [
      {
        "text": "I\u0027m done with shopping let\u0027s checkout",
        "userDefined": false
      }
    ],
    "isTemplate": false,
    "count": 0
  },
  {
    "id": "d6299cd5-632b-4b40-a584-3af56b9e8c5c",
    "data": [
      {
        "text": "check out",
        "userDefined": false
      }
    ],
    "isTemplate": false,
    "count": 0,
    "updated": 1508947252
  },
  {
    "id": "f04c0aa6-2926-4923-ad8c-2937cf9ddaab",
    "data": [
      {
        "text": "let\u0027s check out",
        "userDefined": false
      }
    ],
    "isTemplate": false,
    "count": 0
  },
  {
    "id": "c4a145ad-662b-413f-97e6-b94f6bb6de6c",
    "data": [
      {
        "text": "check me out please",
        "userDefined": false
      }
    ],
    "isTemplate": false,
    "count": 0
  },
  {
    "id": "555901c8-d072-4ce3-97a2-446f28d583fb",
    "data": [
      {
        "text": "proceed to check out",
        "userDefined": false
      }
    ],
    "isTemplate": false,
    "count": 0,
    "updated": 1508947252
  },
  {
    "id": "3a780f8d-2dba-4ae0-ac34-07f1b32c0d37",
    "data": [
      {
        "text": "I\u0027m ready for check out",
        "userDefined": false
      }
    ],
    "isTemplate": false,
    "count": 0
  },
  {
    "id": "8034702b-bfae-4ded-b0b5-42dfa0e0f9ff",
    "data": [
      {
        "text": "check me out",
        "userDefined": false
      }
    ],
    "isTemplate": false,
    "count": 0,
    "updated": 1508947252
  }
]