[
  {
    "id": "70a0893e-aca6-466d-8f5a-61837b9bf6fb",
    "data": [
      {
        "text": "Hi!",
        "userDefined": false
      }
    ],
    "isTemplate": false,
    "count": 0,
    "updated": 1548229721
  },
  {
    "id": "1d52bed4-a0d5-4302-8dde-cd5a66091b26",
    "data": [
      {
        "text": "Hello!",
        "userDefined": false
      }
    ],
    "isTemplate": false,
    "count": 0,
    "updated": 1548229721
  },
  {
    "id": "6dd87bfd-c64a-4f86-8743-ec1c5042ce41",
    "data": [
      {
        "text": "Hi!Good day!",
        "userDefined": false
      }
    ],
    "isTemplate": false,
    "count": 0,
    "updated": 1548229721
  }
]