[
  {
    "id": "3f07837e-4081-4cfd-b658-18926d62e6ee",
    "data": [
      {
        "text": "shipping",
        "userDefined": false
      }
    ],
    "isTemplate": false,
    "count": 0,
    "updated": 0
  },
  {
    "id": "667946ca-7528-43bb-9cf7-5fc5ff055a6a",
    "data": [
      {
        "text": "delivery time frames",
        "userDefined": false
      }
    ],
    "isTemplate": false,
    "count": 0,
    "updated": 0
  },
  {
    "id": "ca43fd8d-d9ea-4b9a-b5b2-91bfeea4a251",
    "data": [
      {
        "text": "check delivery options",
        "userDefined": false
      }
    ],
    "isTemplate": false,
    "count": 0
  },
  {
    "id": "d47e6568-d2dc-4469-a4e7-07647924852d",
    "data": [
      {
        "text": "shipping rates",
        "userDefined": false
      }
    ],
    "isTemplate": false,
    "count": 0,
    "updated": 0
  },
  {
    "id": "5905bd84-036a-4441-8e5d-fd0af63dea25",
    "data": [
      {
        "text": "delivery charges",
        "userDefined": false
      }
    ],
    "isTemplate": false,
    "count": 0,
    "updated": 0
  },
  {
    "id": "9eff015e-713f-47a1-9739-b754f8065db5",
    "data": [
      {
        "text": "what are the shipping options",
        "userDefined": false
      }
    ],
    "isTemplate": false,
    "count": 0
  },
  {
    "id": "dc0dbf91-77b0-4c60-9299-0991a0574d62",
    "data": [
      {
        "text": "can you show me delivery options",
        "userDefined": false
      }
    ],
    "isTemplate": false,
    "count": 0
  },
  {
    "id": "1e84bba7-9288-45bf-9e45-cbf7b4dfdec8",
    "data": [
      {
        "text": "delivery options",
        "userDefined": false
      }
    ],
    "isTemplate": false,
    "count": 0,
    "updated": 1481195272
  }
]