[
  {
    "id": "f2a58441-fea0-4117-9c79-da1b977a97b8",
    "data": [
      {
        "text": "I\u0027m looking for a gift",
        "userDefined": false
      }
    ],
    "isTemplate": false,
    "count": 0
  },
  {
    "id": "a29c31aa-e074-49ce-8c91-c0badd398cc2",
    "data": [
      {
        "text": "can you give me gift cards",
        "userDefined": false
      }
    ],
    "isTemplate": false,
    "count": 0
  },
  {
    "id": "4c526ada-5ad9-4a4c-8a31-7131953394c3",
    "data": [
      {
        "text": "do you have gift cards",
        "userDefined": false
      }
    ],
    "isTemplate": false,
    "count": 0
  },
  {
    "id": "478097d7-a636-45ec-bd9d-532ffc4589b5",
    "data": [
      {
        "text": "I\u0027m interested in buying gift cards",
        "userDefined": false
      }
    ],
    "isTemplate": false,
    "count": 0
  },
  {
    "id": "b3b0450c-1ba2-4170-8361-8acdb8620b52",
    "data": [
      {
        "text": "I want to order a gift card for my friends birthday",
        "userDefined": false
      }
    ],
    "isTemplate": false,
    "count": 0
  },
  {
    "id": "80e05d6d-a804-461b-b61d-8edcf203c694",
    "data": [
      {
        "text": "gift card",
        "userDefined": false
      }
    ],
    "isTemplate": false,
    "count": 0
  },
  {
    "id": "2245662c-f850-4e73-ba16-801a60b61d1d",
    "data": [
      {
        "text": "are there any gift cards available",
        "userDefined": false
      }
    ],
    "isTemplate": false,
    "count": 0
  }
]