[
  {
    "id": "bd7399b7-b15b-4a20-b2d3-29fb5fa8f0e2",
    "data": [
      {
        "text": "hundred",
        "meta": "@sys.ignore",
        "userDefined": false
      }
    ],
    "isTemplate": false,
    "count": 0
  },
  {
    "id": "a43f2cef-75e8-48fb-963f-efcf2922a452",
    "data": [
      {
        "text": "$100",
        "meta": "@sys.ignore",
        "userDefined": false
      }
    ],
    "isTemplate": false,
    "count": 0
  },
  {
    "id": "be40b2e4-ab35-48ba-b75d-99b806c2a614",
    "data": [
      {
        "text": "how about the ",
        "userDefined": false
      },
      {
        "text": "second",
        "meta": "@sys.ignore",
        "userDefined": false
      },
      {
        "text": " option",
        "userDefined": false
      }
    ],
    "isTemplate": false,
    "count": 0
  },
  {
    "id": "6fa2cc99-12b9-4228-b92c-8d9c5b3a6bc5",
    "data": [
      {
        "text": "second one",
        "meta": "@sys.ignore",
        "userDefined": false
      }
    ],
    "isTemplate": false,
    "count": 0
  },
  {
    "id": "c8b4ab8b-f642-420c-a8c1-c692932fe96e",
    "data": [
      {
        "text": "100",
        "meta": "@sys.ignore",
        "userDefined": false
      }
    ],
    "isTemplate": false,
    "count": 0
  }
]