[
  {
    "id": "396958be-14d6-4a4f-abb3-4d76d4c251d0",
    "data": [
      {
        "text": "the ",
        "userDefined": false
      },
      {
        "text": "first one",
        "meta": "@sys.ignore",
        "userDefined": false
      }
    ],
    "isTemplate": false,
    "count": 0
  },
  {
    "id": "218ca637-32c8-4436-9936-bf4e624c0bfe",
    "data": [
      {
        "text": "fifty",
        "meta": "@sys.ignore",
        "userDefined": false
      }
    ],
    "isTemplate": false,
    "count": 0
  },
  {
    "id": "fb3d6d0a-e495-4742-881d-a19a62f6e985",
    "data": [
      {
        "text": "$50",
        "meta": "@sys.ignore",
        "userDefined": false
      }
    ],
    "isTemplate": false,
    "count": 0
  },
  {
    "id": "b036ec82-7c98-4442-b69e-3ce6257b03a6",
    "data": [
      {
        "text": "50",
        "meta": "@sys.ignore",
        "userDefined": false
      }
    ],
    "isTemplate": false,
    "count": 0
  },
  {
    "id": "33f4b549-cd65-4682-8d2d-cd907186fe07",
    "data": [
      {
        "text": "the cheapest option",
        "userDefined": false
      }
    ],
    "isTemplate": false,
    "count": 0
  }
]