[
  {
    "id": "fac39d58-fb91-4a12-be41-7150e0b5350d",
    "data": [
      {
        "text": "200",
        "meta": "@sys.ignore",
        "userDefined": false
      }
    ],
    "isTemplate": false,
    "count": 0
  },
  {
    "id": "4714fe28-ebc4-4b47-a8f0-9f3c62d397c2",
    "data": [
      {
        "text": "2 hundred",
        "meta": "@sys.ignore",
        "userDefined": false
      }
    ],
    "isTemplate": false,
    "count": 0
  },
  {
    "id": "690482a8-b847-4a22-a631-a03af116d41c",
    "data": [
      {
        "text": "how about the one for ",
        "userDefined": false
      },
      {
        "text": "200 bucks",
        "meta": "@sys.ignore",
        "userDefined": false
      }
    ],
    "isTemplate": false,
    "count": 0
  },
  {
    "id": "874be848-630d-4983-ad80-891c7d8e3e76",
    "data": [
      {
        "text": "$200",
        "meta": "@sys.ignore",
        "userDefined": false
      }
    ],
    "isTemplate": false,
    "count": 0
  }
]