[
  {
    "id": "1794e1f1-52d1-419a-8b36-f8a2f942edeb",
    "data": [
      {
        "text": "add item",
        "userDefined": false
      }
    ],
    "isTemplate": false,
    "count": 0
  },
  {
    "id": "f9b26597-228d-4374-b4af-5eae5b9e48f6",
    "data": [
      {
        "text": "add these ",
        "userDefined": false
      },
      {
        "text": "shoes",
        "alias": "product",
        "meta": "@product",
        "userDefined": true
      },
      {
        "text": " to my cart",
        "userDefined": false
      }
    ],
    "isTemplate": false,
    "count": 0
  },
  {
    "id": "dae64fac-897a-483f-8e22-24be8d3c3511",
    "data": [
      {
        "text": "add ",
        "userDefined": false
      },
      {
        "text": "glasses",
        "alias": "product",
        "meta": "@product",
        "userDefined": false
      },
      {
        "text": " to my cart",
        "userDefined": false
      }
    ],
    "isTemplate": false,
    "count": 0,
    "updated": 1508878999
  },
  {
    "id": "45e9cbe4-e702-48ab-b6ab-d511c616b0c5",
    "data": [
      {
        "text": "add the ",
        "userDefined": false
      },
      {
        "text": "hat",
        "alias": "item",
        "meta": "@item",
        "userDefined": true
      },
      {
        "text": " to my cart",
        "userDefined": false
      }
    ],
    "isTemplate": false,
    "count": 0
  },
  {
    "id": "71dbf2b2-d092-412d-bf02-03c17290360e",
    "data": [
      {
        "text": "can you add this ",
        "userDefined": false
      },
      {
        "text": "T-Shirt",
        "alias": "product",
        "meta": "@product",
        "userDefined": false
      },
      {
        "text": " to my cart",
        "userDefined": false
      }
    ],
    "isTemplate": false,
    "count": 0,
    "updated": 1508878999
  },
  {
    "id": "2ef40a15-0107-42e4-9582-fe91dfb9ba64",
    "data": [
      {
        "text": "I love this ",
        "userDefined": false
      },
      {
        "text": "laptop",
        "alias": "item",
        "meta": "@item",
        "userDefined": false
      },
      {
        "text": " add it to my cart",
        "userDefined": false
      }
    ],
    "isTemplate": false,
    "count": 0
  },
  {
    "id": "903fc1ca-cd36-4d3e-b423-d706b43d9499",
    "data": [
      {
        "text": "add ",
        "userDefined": false
      },
      {
        "text": "Matte Revolution Lipstick - Pillow Talk",
        "alias": "item",
        "meta": "@item",
        "userDefined": false
      },
      {
        "text": " into my cart",
        "userDefined": false
      }
    ],
    "isTemplate": false,
    "count": 0,
    "updated": 1548322151
  },
  {
    "id": "5517a6dd-afa9-41e8-9c50-b9e32b9c95fc",
    "data": [
      {
        "text": "add to my cart",
        "userDefined": false
      }
    ],
    "isTemplate": false,
    "count": 0
  },
  {
    "id": "ee31fbb2-d2ca-4242-a1bc-6e84c80a36e8",
    "data": [
      {
        "text": "add this ",
        "userDefined": false
      },
      {
        "text": "item",
        "meta": "@sys.ignore",
        "userDefined": true
      },
      {
        "text": " to my cart",
        "userDefined": false
      }
    ],
    "isTemplate": false,
    "count": 0
  }
]