[
  {
    "id": "c92943db-99eb-46d7-9c41-f871d4ea9930",
    "data": [
      {
        "text": "remove the ",
        "userDefined": false
      },
      {
        "text": "shoes",
        "alias": "product",
        "meta": "@product",
        "userDefined": true
      },
      {
        "text": " from my cart",
        "userDefined": false
      }
    ],
    "isTemplate": false,
    "count": 0
  },
  {
    "id": "d4ffef2c-4c2c-4401-a3d5-ee252518bf3a",
    "data": [
      {
        "text": "I\u0027ve changed my mind about ",
        "userDefined": false
      },
      {
        "text": "laptop",
        "alias": "product",
        "meta": "@product",
        "userDefined": false
      },
      {
        "text": ", remove it",
        "userDefined": false
      }
    ],
    "isTemplate": false,
    "count": 0
  },
  {
    "id": "13f4a5a5-b632-465c-b408-323ed054c7c8",
    "data": [
      {
        "text": "remove these ",
        "userDefined": false
      },
      {
        "text": "glasses",
        "alias": "product",
        "meta": "@product",
        "userDefined": false
      },
      {
        "text": " from my cart",
        "userDefined": false
      }
    ],
    "isTemplate": false,
    "count": 0
  },
  {
    "id": "cd7ba068-6137-40c7-ba1a-41f5c6a80422",
    "data": [
      {
        "text": "delete the item",
        "userDefined": false
      }
    ],
    "isTemplate": false,
    "count": 0
  },
  {
    "id": "7ef9f8d9-24fb-47a1-ba6d-e8a0a30eb50d",
    "data": [
      {
        "text": "remove the hat from",
        "userDefined": false
      }
    ],
    "isTemplate": false,
    "count": 0
  },
  {
    "id": "4e6fbca4-51a4-4ab8-accc-a497c1369da0",
    "data": [
      {
        "text": "remove the item",
        "userDefined": false
      }
    ],
    "isTemplate": false,
    "count": 0
  }
]