[
  {
    "id": "bb8d52bd-f6e3-446f-80bf-6cd7a625d522",
    "data": [
      {
        "text": "good",
        "userDefined": false
      }
    ],
    "isTemplate": false,
    "count": 0,
    "updated": 1548323034
  },
  {
    "id": "3040d5c6-5aa5-4347-931e-54be095e930b",
    "data": [
      {
        "text": "yes",
        "userDefined": false
      }
    ],
    "isTemplate": false,
    "count": 0,
    "updated": 1548323034
  },
  {
    "id": "e5fbdc26-eebe-4bbe-9a48-de68b8bd5ad9",
    "data": [
      {
        "text": "more",
        "userDefined": false
      }
    ],
    "isTemplate": false,
    "count": 0,
    "updated": 1548323034
  },
  {
    "id": "92afd7a7-390f-43ef-a62a-ed936b5fd751",
    "data": [
      {
        "text": "ok",
        "userDefined": false
      }
    ],
    "isTemplate": false,
    "count": 0,
    "updated": 1548323034
  },
  {
    "id": "8ec27e02-eb39-4bf1-b557-884ef974aad7",
    "data": [
      {
        "text": "great",
        "userDefined": false
      }
    ],
    "isTemplate": false,
    "count": 0,
    "updated": 1548323034
  }
]