[
  {
    "id": "bd600283-d491-4588-83c8-efe53ef0a77c",
    "data": [
      {
        "text": "swap ",
        "userDefined": false
      },
      {
        "text": "glasses",
        "alias": "product-remove",
        "meta": "@product",
        "userDefined": false
      }
    ],
    "isTemplate": false,
    "count": 0
  },
  {
    "id": "6b3426d6-6d21-44e0-b3d1-abacbdf8a955",
    "data": [
      {
        "text": "swap the ",
        "userDefined": false
      },
      {
        "text": "glasses",
        "alias": "product-remove",
        "meta": "@product",
        "userDefined": false
      },
      {
        "text": " for the ",
        "userDefined": false
      },
      {
        "text": "hat",
        "alias": "product-add",
        "meta": "@product",
        "userDefined": false
      }
    ],
    "isTemplate": false,
    "count": 0,
    "updated": 1508879258
  },
  {
    "id": "803cc835-ec22-419b-b75a-613a88a71897",
    "data": [
      {
        "text": "can you replace the ",
        "userDefined": false
      },
      {
        "text": "shoes",
        "alias": "product-remove",
        "meta": "@product",
        "userDefined": true
      },
      {
        "text": " for the ",
        "userDefined": false
      },
      {
        "text": "T-Shirt",
        "alias": "product-add",
        "meta": "@product",
        "userDefined": false
      }
    ],
    "isTemplate": false,
    "count": 0
  },
  {
    "id": "b9113207-9918-4d3a-b162-5e0f0e3428f9",
    "data": [
      {
        "text": "swap",
        "userDefined": false
      }
    ],
    "isTemplate": false,
    "count": 0
  },
  {
    "id": "5d51bb97-ad6a-4b0b-b117-635838a1db2a",
    "data": [
      {
        "text": "replace this ",
        "userDefined": false
      },
      {
        "text": "laptop",
        "alias": "product-remove",
        "meta": "@product",
        "userDefined": false
      }
    ],
    "isTemplate": false,
    "count": 0
  }
]