[
  {
    "id": "8745ced2-cc73-4aad-b97c-bc4b8be87e43",
    "data": [
      {
        "text": "I no longer need this order",
        "userDefined": false
      }
    ],
    "isTemplate": false,
    "count": 0,
    "updated": 0
  },
  {
    "id": "2b20b60c-ad6f-4461-8d08-30048458a804",
    "data": [
      {
        "text": "how to cancel my order",
        "userDefined": false
      }
    ],
    "isTemplate": false,
    "count": 0,
    "updated": 0
  },
  {
    "id": "1eef6b99-4130-42d2-bf5f-78cd395193c8",
    "data": [
      {
        "text": "delete my order",
        "userDefined": false
      }
    ],
    "isTemplate": false,
    "count": 0
  },
  {
    "id": "4eceb9ee-91f2-483c-b19a-6d7802b016e5",
    "data": [
      {
        "text": "I don\u0027t want this order anymore",
        "userDefined": false
      }
    ],
    "isTemplate": false,
    "count": 0
  },
  {
    "id": "7da1d66e-0cdb-47df-ad9a-42357b864c05",
    "data": [
      {
        "text": "I changed my mind about the order",
        "userDefined": false
      }
    ],
    "isTemplate": false,
    "count": 0
  },
  {
    "id": "4eba357c-df2b-4c95-accc-05b16c207225",
    "data": [
      {
        "text": "I want to cancel my order",
        "userDefined": false
      }
    ],
    "isTemplate": false,
    "count": 0
  },
  {
    "id": "88108224-c20f-450f-aa22-8b3543f948d1",
    "data": [
      {
        "text": "remove the order",
        "userDefined": false
      }
    ],
    "isTemplate": false,
    "count": 0,
    "updated": 1548324918
  }
]