[
  {
    "id": "149a4baf-968d-4ebf-95ba-e100569b369d",
    "data": [
      {
        "text": "add an item to the order",
        "userDefined": false
      }
    ],
    "isTemplate": false,
    "count": 0
  },
  {
    "id": "0575ac3e-8a44-44cc-88fd-fba728f75c00",
    "data": [
      {
        "text": "can I change my order?",
        "userDefined": false
      }
    ],
    "isTemplate": false,
    "count": 0,
    "updated": 0
  },
  {
    "id": "c3718a61-1538-47da-ae09-26efb8566473",
    "data": [
      {
        "text": "I\u0027d love to add the order",
        "userDefined": false
      }
    ],
    "isTemplate": false,
    "count": 0
  },
  {
    "id": "e9d90b20-a2f4-4012-a483-5415eb546d2c",
    "data": [
      {
        "text": "change the order",
        "userDefined": false
      }
    ],
    "isTemplate": false,
    "count": 0
  },
  {
    "id": "42b6a064-3e22-48e2-bcee-7fd21679bb92",
    "data": [
      {
        "text": "how to add an item to my order",
        "userDefined": false
      }
    ],
    "isTemplate": false,
    "count": 0,
    "updated": 0
  },
  {
    "id": "91d60dcc-eacc-4837-9dc8-46355bf770d9",
    "data": [
      {
        "text": "I want to add something to my order",
        "userDefined": false
      }
    ],
    "isTemplate": false,
    "count": 0
  },
  {
    "id": "1f389ae1-30c3-40f3-a552-f54006dc1cac",
    "data": [
      {
        "text": "I want to order one more item",
        "userDefined": false
      }
    ],
    "isTemplate": false,
    "count": 0,
    "updated": 0
  }
]