[
  {
    "id": "e8a6d167-4d16-4169-92c9-e07abaa5ab99",
    "data": [
      {
        "text": "check order ",
        "userDefined": false
      },
      {
        "text": "1234",
        "alias": "order-number",
        "meta": "@sys.number",
        "userDefined": true
      },
      {
        "text": " for ",
        "userDefined": false
      },
      {
        "text": "test@dialogflow.com",
        "alias": "email",
        "meta": "@sys.email",
        "userDefined": true
      }
    ],
    "isTemplate": false,
    "count": 1,
    "updated": 0
  },
  {
    "id": "8a6a1d99-30c7-463b-b111-1cf7fd1013d0",
    "data": [
      {
        "text": "can you check my orders",
        "userDefined": false
      }
    ],
    "isTemplate": false,
    "count": 0
  },
  {
    "id": "8c329677-8033-4c88-8764-7563711dcf5e",
    "data": [
      {
        "text": "my email is ",
        "userDefined": false
      },
      {
        "text": "dialogflow@dialogflow.com",
        "alias": "email",
        "meta": "@sys.email",
        "userDefined": true
      },
      {
        "text": " can you check my order status",
        "userDefined": false
      }
    ],
    "isTemplate": false,
    "count": 0
  },
  {
    "id": "7df133b4-f428-4ad7-ae48-d37069edbc23",
    "data": [
      {
        "text": "my orders",
        "userDefined": false
      }
    ],
    "isTemplate": false,
    "count": 0,
    "updated": 0
  },
  {
    "id": "43e7ee8f-c787-4fb0-a072-15b51b6cf740",
    "data": [
      {
        "text": "check order for email ",
        "userDefined": false
      },
      {
        "text": "example@dialogflow.com",
        "alias": "email",
        "meta": "@sys.email",
        "userDefined": true
      }
    ],
    "isTemplate": false,
    "count": 0,
    "updated": 0
  },
  {
    "id": "93472aef-83fd-45d7-a8a3-d640589f3fde",
    "data": [
      {
        "text": "my order number is ",
        "userDefined": false
      },
      {
        "text": "938464",
        "alias": "order-number",
        "meta": "@sys.number",
        "userDefined": false
      },
      {
        "text": " can you check it",
        "userDefined": false
      }
    ],
    "isTemplate": false,
    "count": 0
  },
  {
    "id": "7e677340-4d45-4120-9293-d8d413140e3e",
    "data": [
      {
        "text": "where is my package",
        "userDefined": false
      }
    ],
    "isTemplate": false,
    "count": 0
  },
  {
    "id": "f7920224-3a0d-497b-bf74-d061d4da6d78",
    "data": [
      {
        "text": "check my order",
        "userDefined": false
      }
    ],
    "isTemplate": false,
    "count": 0,
    "updated": 0
  },
  {
    "id": "fe479492-d9ba-4659-a69b-30840f56e383",
    "data": [
      {
        "text": "where is my order",
        "userDefined": false
      }
    ],
    "isTemplate": false,
    "count": 0
  },
  {
    "id": "33b5b0ff-186e-4518-a78d-ba9094d8d1d3",
    "data": [
      {
        "text": "what\u0027s my order status",
        "userDefined": false
      }
    ],
    "isTemplate": false,
    "count": 0
  }
]