[
  {
    "id": "dac216c4-398e-406a-b359-27a9f930d7dd",
    "data": [
      {
        "text": "I choose number ",
        "userDefined": false
      },
      {
        "text": "3",
        "alias": "number",
        "meta": "@sys.number",
        "userDefined": false
      }
    ],
    "isTemplate": false,
    "count": 0,
    "updated": 0
  },
  {
    "id": "93cc92c7-47d3-4ba3-950f-ff14101e0ad7",
    "data": [
      {
        "text": "see ",
        "userDefined": false
      },
      {
        "text": "1",
        "alias": "number",
        "meta": "@sys.number",
        "userDefined": false
      }
    ],
    "isTemplate": false,
    "count": 0,
    "updated": 0
  },
  {
    "id": "ef9659ea-bead-41e3-9aad-feef4c316f16",
    "data": [
      {
        "text": "choose numbers ",
        "userDefined": false
      },
      {
        "text": "1",
        "alias": "number",
        "meta": "@sys.number",
        "userDefined": false
      }
    ],
    "isTemplate": false,
    "count": 0,
    "updated": 0
  },
  {
    "id": "baf04af3-b3a9-4040-ac00-39014b526cc4",
    "data": [
      {
        "text": "select the ",
        "userDefined": false
      },
      {
        "text": "first",
        "alias": "number",
        "meta": "@sys.number",
        "userDefined": false
      },
      {
        "text": " one",
        "userDefined": false
      }
    ],
    "isTemplate": false,
    "count": 0,
    "updated": 0
  },
  {
    "id": "a3998b57-721a-4292-971e-11cdc3b2f25d",
    "data": [
      {
        "text": "choose ",
        "userDefined": false
      },
      {
        "text": "1st",
        "alias": "number",
        "meta": "@sys.number",
        "userDefined": false
      }
    ],
    "isTemplate": false,
    "count": 0,
    "updated": 0
  },
  {
    "id": "081c029e-5cad-4ff5-9b9f-725386fd62bb",
    "data": [
      {
        "text": "the ",
        "userDefined": false
      },
      {
        "text": "1st",
        "alias": "number",
        "meta": "@sys.number",
        "userDefined": false
      },
      {
        "text": " one",
        "userDefined": false
      }
    ],
    "isTemplate": false,
    "count": 0,
    "updated": 0
  },
  {
    "id": "66125ea8-fa53-45f2-8244-a45cf54ed1f3",
    "data": [
      {
        "text": "I select number ",
        "userDefined": false
      },
      {
        "text": "2",
        "alias": "number",
        "meta": "@sys.number",
        "userDefined": false
      }
    ],
    "isTemplate": false,
    "count": 0,
    "updated": 0
  },
  {
    "id": "edc2538d-6196-4a28-8c7d-e77e46996cb8",
    "data": [
      {
        "text": "show me the ",
        "userDefined": false
      },
      {
        "text": "second",
        "alias": "number",
        "meta": "@sys.number",
        "userDefined": false
      },
      {
        "text": " one",
        "userDefined": false
      }
    ],
    "isTemplate": false,
    "count": 0,
    "updated": 0
  },
  {
    "id": "96273106-bcdf-48a5-9769-35e840beebdb",
    "data": [
      {
        "text": "second",
        "alias": "number",
        "meta": "@sys.number",
        "userDefined": false
      },
      {
        "text": " one",
        "userDefined": false
      }
    ],
    "isTemplate": false,
    "count": 0,
    "updated": 0
  },
  {
    "id": "1890dfa1-e9db-41ad-8788-9c0320920d86",
    "data": [
      {
        "text": "number ",
        "userDefined": false
      },
      {
        "text": "4",
        "alias": "number",
        "meta": "@sys.number",
        "userDefined": false
      }
    ],
    "isTemplate": false,
    "count": 0,
    "updated": 0
  }
]