[
  {
    "id": "802b6711-6179-4765-b1da-5644944c0c29",
    "data": [
      {
        "text": "previous",
        "userDefined": false
      }
    ],
    "isTemplate": false,
    "count": 0,
    "updated": 0
  },
  {
    "id": "68e864d5-ebfd-4710-b991-504c82a7fa25",
    "data": [
      {
        "text": "read out the previous results",
        "userDefined": false
      }
    ],
    "isTemplate": false,
    "count": 0,
    "updated": 0
  },
  {
    "id": "c354c3f0-d237-4761-9426-2e81888c499e",
    "data": [
      {
        "text": "go back to previous results",
        "userDefined": false
      }
    ],
    "isTemplate": false,
    "count": 0,
    "updated": 0
  },
  {
    "id": "02fe4700-cb80-4079-98d1-f1b819e67026",
    "data": [
      {
        "text": "back",
        "userDefined": false
      }
    ],
    "isTemplate": false,
    "count": 0,
    "updated": 0
  },
  {
    "id": "95370323-c14e-4be3-8502-40e89d3f8d93",
    "data": [
      {
        "text": "return to previous page",
        "userDefined": false
      }
    ],
    "isTemplate": false,
    "count": 0,
    "updated": 0
  },
  {
    "id": "41916541-bed6-4f36-9bab-f96b41f66bef",
    "data": [
      {
        "text": "previous results",
        "userDefined": false
      }
    ],
    "isTemplate": false,
    "count": 0,
    "updated": 0
  },
  {
    "id": "4cfe8fd5-07fa-4ca4-a829-e52e43dbd03e",
    "data": [
      {
        "text": "previous page",
        "userDefined": false
      }
    ],
    "isTemplate": false,
    "count": 0,
    "updated": 0
  },
  {
    "id": "deaf75f1-0167-4ecb-a06b-36653edbec41",
    "data": [
      {
        "text": "return to the previous",
        "userDefined": false
      }
    ],
    "isTemplate": false,
    "count": 0,
    "updated": 0
  },
  {
    "id": "67e6fa80-b3ac-448d-b68b-42c3aea7d9c9",
    "data": [
      {
        "text": "go to the previous page",
        "userDefined": false
      }
    ],
    "isTemplate": false,
    "count": 0,
    "updated": 0
  },
  {
    "id": "af89a48c-bcd2-4480-8422-72c985614a0e",
    "data": [
      {
        "text": "go back",
        "userDefined": false
      }
    ],
    "isTemplate": false,
    "count": 0,
    "updated": 0
  }
]