[
  {
    "id": "ae169865-87e3-4730-8c9a-b1fcae75ad12",
    "data": [
      {
        "text": "I would like to buy some ",
        "userDefined": false
      },
      {
        "text": "suitcases",
        "alias": "product",
        "meta": "@product",
        "userDefined": false
      }
    ],
    "isTemplate": false,
    "count": 0
  },
  {
    "id": "18936d06-58df-4d95-9f38-e97fffb7aa3b",
    "data": [
      {
        "text": "I want to buy some luggage bags",
        "userDefined": false
      }
    ],
    "isTemplate": false,
    "count": 0
  },
  {
    "id": "eb5bec81-2809-4b6e-a2fe-0c8802cd2c5f",
    "data": [
      {
        "text": "I want to buy some ",
        "userDefined": false
      },
      {
        "text": "suitcases",
        "alias": "product",
        "meta": "@product",
        "userDefined": false
      }
    ],
    "isTemplate": false,
    "count": 0
  },
  {
    "id": "d62aff35-5466-425c-a299-ca71fbad39d3",
    "data": [
      {
        "text": "I\u0027m looking for a ",
        "userDefined": false
      },
      {
        "text": "laptop",
        "alias": "product",
        "meta": "@product",
        "userDefined": false
      }
    ],
    "isTemplate": false,
    "count": 0
  },
  {
    "id": "52584648-49d5-4627-90bf-fe73bfe5e72d",
    "data": [
      {
        "text": "add the ",
        "userDefined": false
      },
      {
        "text": "hat",
        "alias": "product",
        "meta": "@product",
        "userDefined": false
      },
      {
        "text": " to my busket",
        "userDefined": false
      }
    ],
    "isTemplate": false,
    "count": 0
  },
  {
    "id": "b19225b8-0a2e-4781-876b-d51112740676",
    "data": [
      {
        "text": "put the ",
        "userDefined": false
      },
      {
        "text": "T-Shirt",
        "alias": "product",
        "meta": "@product",
        "userDefined": false
      },
      {
        "text": " to my cart",
        "userDefined": false
      }
    ],
    "isTemplate": false,
    "count": 0
  },
  {
    "id": "53839d72-a14b-405f-a048-0af13f680277",
    "data": [
      {
        "text": "I need new ",
        "userDefined": false
      },
      {
        "text": "shoes",
        "alias": "product",
        "meta": "@product",
        "userDefined": true
      }
    ],
    "isTemplate": false,
    "count": 0
  },
  {
    "id": "cb98ec00-e61b-409f-bf8b-2af24cc9c2b2",
    "data": [
      {
        "text": "I want to buy ",
        "userDefined": false
      },
      {
        "text": "glasses",
        "alias": "product",
        "meta": "@product",
        "userDefined": true
      }
    ],
    "isTemplate": false,
    "count": 0
  },
  {
    "id": "a68c59c3-863b-438e-a762-69e4f3e73c5d",
    "data": [
      {
        "text": "I want to buy something",
        "userDefined": false
      }
    ],
    "isTemplate": false,
    "count": 0
  }
]