[
  {
    "id": "be1d959e-e9e4-49a4-9bc4-e969d526918c",
    "data": [
      {
        "text": "refund policies",
        "userDefined": false
      }
    ],
    "isTemplate": false,
    "count": 0,
    "updated": 1508872945
  },
  {
    "id": "077e9b60-a229-47c8-a762-83286c5f5d58",
    "data": [
      {
        "text": "what if I don\u0027t like the product? Can I get my money back, what are the policies?",
        "userDefined": false
      }
    ],
    "isTemplate": false,
    "count": 0,
    "updated": 1508872945
  },
  {
    "id": "7dedb83b-6871-481a-a769-dee6888fa8d5",
    "data": [
      {
        "text": "can you direct me to your refund policies page",
        "userDefined": false
      }
    ],
    "isTemplate": false,
    "count": 0,
    "updated": 1508872945
  },
  {
    "id": "54ad1895-c961-4473-9f28-5238865a5630",
    "data": [
      {
        "text": "What\u0027s the refund policy?",
        "userDefined": false
      }
    ],
    "isTemplate": false,
    "count": 0,
    "updated": 1508872945
  },
  {
    "id": "df81aebe-86bd-411c-8aa8-e286687dfae1",
    "data": [
      {
        "text": "show me your refund policies",
        "userDefined": false
      }
    ],
    "isTemplate": false,
    "count": 0,
    "updated": 1508872945
  },
  {
    "id": "92ae51d4-9c86-4c1e-87ed-ffe97f697e3a",
    "data": [
      {
        "text": "are there any refund polices",
        "userDefined": false
      }
    ],
    "isTemplate": false,
    "count": 0,
    "updated": 1508872945
  }
]