[
  {
    "id": "f8cd4d7d-005c-4f5e-b58b-368b07a930cf",
    "data": [
      {
        "text": "Can I get my money back",
        "userDefined": false
      }
    ],
    "isTemplate": false,
    "count": 0
  },
  {
    "id": "9c88adde-9c36-4d55-a6cc-25d8abaedd69",
    "data": [
      {
        "text": "Refund",
        "userDefined": false
      }
    ],
    "isTemplate": false,
    "count": 0
  },
  {
    "id": "22f285ce-8fad-4d56-9823-c0c6c572239b",
    "data": [
      {
        "text": "I request a refund",
        "userDefined": false
      }
    ],
    "isTemplate": false,
    "count": 0
  },
  {
    "id": "518ce593-2c5c-4413-ab5a-40a49c6bd848",
    "data": [
      {
        "text": "I want to get refund",
        "userDefined": false
      }
    ],
    "isTemplate": false,
    "count": 0,
    "updated": 0
  },
  {
    "id": "29110a26-1a76-45b4-bdee-67817959df10",
    "data": [
      {
        "text": "I want my money back",
        "userDefined": false
      }
    ],
    "isTemplate": false,
    "count": 0
  },
  {
    "id": "99ad68cd-7b38-4ffc-8950-102431498499",
    "data": [
      {
        "text": "I received a wrong item",
        "userDefined": false
      }
    ],
    "isTemplate": false,
    "count": 0,
    "updated": 0
  },
  {
    "id": "d877b4a3-7088-4393-900b-2ddfb384cf1c",
    "data": [
      {
        "text": "I want to make an exchange",
        "userDefined": false
      }
    ],
    "isTemplate": false,
    "count": 0,
    "updated": 0
  },
  {
    "id": "467194b9-6c39-4f32-806d-8da07c83e550",
    "data": [
      {
        "text": "I received a damaged item",
        "userDefined": false
      }
    ],
    "isTemplate": false,
    "count": 0,
    "updated": 0
  },
  {
    "id": "f8216f94-5160-4c97-9ac6-1885d13a63a9",
    "data": [
      {
        "text": "cancel purchase",
        "userDefined": false
      }
    ],
    "isTemplate": false,
    "count": 0
  },
  {
    "id": "98879b79-9667-4186-b0a9-6a5af7185eba",
    "data": [
      {
        "text": "I want to return my purchase",
        "userDefined": false
      }
    ],
    "isTemplate": false,
    "count": 0,
    "updated": 0
  },
  {
    "id": "17c5c131-bec8-48f6-a90b-03b1e81212de",
    "data": [
      {
        "text": "I\u0027d like to cancel purchase",
        "userDefined": false
      }
    ],
    "isTemplate": false,
    "count": 0
  }
]