[
  {
    "id": "70330342-2e87-401d-97eb-c4964b0a97c5",
    "data": [
      {
        "text": "do you have any discounts",
        "userDefined": false
      }
    ],
    "isTemplate": false,
    "count": 0,
    "updated": 1548317913
  },
  {
    "id": "9129baf3-f84c-4af8-8c80-75e6806ae25c",
    "data": [
      {
        "text": "any special offers ",
        "userDefined": false
      },
      {
        "text": "today",
        "meta": "@sys.ignore",
        "userDefined": false
      }
    ],
    "isTemplate": false,
    "count": 0,
    "updated": 1548317913
  },
  {
    "id": "166f1dad-bacc-42af-a640-498f47d9df22",
    "data": [
      {
        "text": "can I have a discounts",
        "userDefined": false
      }
    ],
    "isTemplate": false,
    "count": 0,
    "updated": 1508879459
  },
  {
    "id": "c3935806-5eb3-44b9-baf7-408f3db0ccad",
    "data": [
      {
        "text": "too expensive for me",
        "userDefined": false
      }
    ],
    "isTemplate": false,
    "count": 0,
    "updated": 1548317913
  },
  {
    "id": "1ad73cfd-a5d1-4c9c-be0b-6533cbe1db97",
    "data": [
      {
        "text": "it\u0027s too expensive for me",
        "userDefined": false
      }
    ],
    "isTemplate": false,
    "count": 0,
    "updated": 1548317913
  },
  {
    "id": "ab53b836-b8a7-4e74-b10a-6724ac1213a9",
    "data": [
      {
        "text": "what are the final sales?",
        "userDefined": false
      }
    ],
    "isTemplate": false,
    "count": 0,
    "updated": 1548317913
  },
  {
    "id": "c815b2c8-4c29-4208-9c24-a06ac4bc2380",
    "data": [
      {
        "text": "special price",
        "userDefined": false
      }
    ],
    "isTemplate": false,
    "count": 0,
    "updated": 1548317913
  },
  {
    "id": "b86aa4b7-01b4-4b2c-b5b0-d8655198bb5c",
    "data": [
      {
        "text": "today",
        "meta": "@sys.ignore",
        "userDefined": false
      },
      {
        "text": "\u0027s offer",
        "userDefined": false
      }
    ],
    "isTemplate": false,
    "count": 0,
    "updated": 1548317913
  },
  {
    "id": "dedc1599-3f8a-43f6-91f1-4a57f2f4e774",
    "data": [
      {
        "text": "do you have anything on sales?",
        "userDefined": false
      }
    ],
    "isTemplate": false,
    "count": 0,
    "updated": 1548317913
  },
  {
    "id": "80cbe4e9-2fc9-459f-9905-064c29d1664e",
    "data": [
      {
        "text": "what are the sales?",
        "userDefined": false
      }
    ],
    "isTemplate": false,
    "count": 0,
    "updated": 1548317913
  },
  {
    "id": "f6d79209-69e1-44ed-b8f4-aa8945647e82",
    "data": [
      {
        "text": "some products are very expensive",
        "userDefined": false
      }
    ],
    "isTemplate": false,
    "count": 0,
    "updated": 1548317913
  },
  {
    "id": "997733c7-27d8-4bbb-ac59-66e9106d0fea",
    "data": [
      {
        "text": "do you have special offers",
        "userDefined": false
      }
    ],
    "isTemplate": false,
    "count": 0,
    "updated": 1548317913
  },
  {
    "id": "336f5fdf-7e8c-490d-aa6b-cff8123dca85",
    "data": [
      {
        "text": "current offers",
        "userDefined": false
      }
    ],
    "isTemplate": false,
    "count": 0,
    "updated": 1548317913
  }
]