[
  {
    "id": "6c03d939-0dc5-4400-837c-afba2bbef797",
    "data": [
      {
        "text": "thanks for your help!",
        "userDefined": false
      }
    ],
    "isTemplate": false,
    "count": 1
  },
  {
    "id": "d2507e57-e6aa-4d36-a04a-7f82a77cf53d",
    "data": [
      {
        "text": "thank you very much",
        "userDefined": false
      }
    ],
    "isTemplate": false,
    "count": 0
  },
  {
    "id": "881cf6f9-9886-4417-9c50-ec73cae8a65c",
    "data": [
      {
        "text": "thank you",
        "userDefined": false
      }
    ],
    "isTemplate": false,
    "count": 0
  },
  {
    "id": "82565132-8c32-4a85-bf46-7f030629aba3",
    "data": [
      {
        "text": "I really appreciate it",
        "userDefined": false
      }
    ],
    "isTemplate": false,
    "count": 0
  },
  {
    "id": "228b8896-e7b9-492b-a439-d0584fe64b99",
    "data": [
      {
        "text": "thanks",
        "userDefined": false
      }
    ],
    "isTemplate": false,
    "count": 0
  }
]