[
  {
    "value": "Samsonite Sphere DLX 2-piece Hardside Spinner Set",
    "synonyms": [
      "Samsonite Sphere DLX 2-piece Hardside Spinner Set",
      "Samsonite Sphere",
      "DLX"
    ]
  },
  {
    "value": "Matte Revolution Lipstick - Pillow Talk",
    "synonyms": [
      "Matte Revolution Lipstick - Pillow Talk",
      "Matte Revolution Lipstick"
    ]
  },
  {
    "value": "hat",
    "synonyms": [
      "hat"
    ]
  },
  {
    "value": "Fusion Pro Disc Golf Backpack",
    "synonyms": [
      "Fusion Pro Disc Golf Backpack",
      "Fusion Pro Disc Golf"
    ]
  },
  {
    "value": "Rimowa Topas Titanium 32”Multiwheel Electronic Tag",
    "synonyms": [
      "Rimowa Topas Titanium 32”Multiwheel Electronic Tag",
      "Rimowa Topas Titanium"
    ]
  },
  {
    "value": "Cheek To Chic Blusher",
    "synonyms": [
      "Cheek To Chic Blusher"
    ]
  },
  {
    "value": "Lip Lustre Luxe Color-Lasting Lip Lacquer - Portobello Girl",
    "synonyms": [
      "Lip Lustre Luxe Color-Lasting Lip Lacquer - Portobello Girl",
      "Portobello Girl",
      "Lip Lustre Luxe Color-Lasting Lip Lacquer"
    ]
  },
  {
    "value": "Louis Vuitton Monogram Pegase 50 Rolling Luggage Bag",
    "synonyms": [
      "Louis Vuitton Monogram Pegase 50 Rolling Luggage Bag",
      "Louis Vuitton Monogram Pegase",
      "Louis Vuitton Monogram"
    ]
  },
  {
    "value": "laptop",
    "synonyms": [
      "laptop"
    ]
  },
  {
    "value": "Hollywood Lips Matte Contour Liquid Lipstick – Dangerous Liaison",
    "synonyms": [
      "Hollywood Lips Matte Contour Liquid Lipstick – Dangerous Liaison",
      "Dangerous Liaison",
      "Hollywood Lips Matte Contour Liquid Lipstick"
    ]
  },
  {
    "value": "Lanyard ID Case",
    "synonyms": [
      "Lanyard ID Case",
      "Lanyard ID",
      "coach"
    ]
  },
  {
    "value": "Luna Mini 2",
    "synonyms": [
      "Luna Mini 2",
      "Luna Mini",
      "Luna"
    ]
  }
]