[
  {
    "value": "T-shirt",
    "synonyms": [
      "T-shirt"
    ]
  },
  {
    "value": "lipstick",
    "synonyms": [
      "lipstick",
      "lipsticks"
    ]
  },
  {
    "value": "shooes",
    "synonyms": [
      "shooes"
    ]
  },
  {
    "value": "glasses",
    "synonyms": [
      "glasses"
    ]
  },
  {
    "value": "laptop",
    "synonyms": [
      "laptop"
    ]
  },
  {
    "value": "hat",
    "synonyms": [
      "hat"
    ]
  },
  {
    "value": "suitcase",
    "synonyms": [
      "suitcase",
      "travel bag",
      "lugage bag",
      "lugage bags",
      "suitcases"
    ]
  },
  {
    "value": "book",
    "synonyms": [
      "book"
    ]
  }
]